francais,yo,pluriel,vu_dans
"+ Ajouter","+ Fi kún",,resources/views/membres/index.blade.php:44
"1. Chaque membre a un QR","1. Ọmọ ẹgbẹ́ kọ̀ọ̀kan ní QR",,resources/views/welcome.blade.php:36
"1. Inscription","1. Ìforúkọsílẹ̀",,resources/views/demo.blade.php:61
"12 derniers mois","Oṣù 12 sẹ́yìn",,resources/views/analyses.blade.php:19
"2. Le responsable scanne","2. Olùdarí ń ṣàyẹ̀wò",,resources/views/welcome.blade.php:43
"2. Vérification","2. Ìṣàyẹ̀wò",,resources/views/demo.blade.php:70
"3 derniers mois","Oṣù 3 sẹ́yìn",,resources/views/analyses.blade.php:18
"3. Le suivi se fait seul","3. Ìtọ́jú ń ṣe ara rẹ̀",,resources/views/welcome.blade.php:50
"3. Suivi","3. Ìtọ́jú",,resources/views/demo.blade.php:79
"30 derniers jours","Ọjọ́ 30 sẹ́yìn",,resources/views/analyses.blade.php:17
"4. Export","4. Ìjáde",,resources/views/demo.blade.php:88
"7 derniers jours","Ọjọ́ 7 sẹ́yìn",,resources/views/analyses.blade.php:16
":count membre ajouté.|:count membres ajoutés.","A fi ọmọ ẹgbẹ́ :count kún.|A fi ọmọ ẹgbẹ́ :count kún.",oui,app/Http/Controllers/PresenceController.php:87
":count membre au total|:count membres au total","Àpapọ̀ ọmọ ẹgbẹ́ :count|Àpapọ̀ ọmọ ẹgbẹ́ :count",oui,resources/views/dashboardV.blade.php:52
":count membre|:count membres","Ọmọ ẹgbẹ́ :count|Ọmọ ẹgbẹ́ :count",oui,resources/views/dashboard.blade.php:73
":count pointage|:count pointages","Ìforúkọsílẹ̀ :count|Ìforúkọsílẹ̀ :count",oui,resources/views/analyses.blade.php:166
":count présence|:count présences","Wíwàníbẹ̀ :count|Wíwàníbẹ̀ :count",oui,resources/views/analyses.blade.php:143
":count événement|:count événements","Ìṣẹ̀lẹ̀ :count|Ìṣẹ̀lẹ̀ :count",oui,resources/views/analyses.blade.php:68
":done/:total événements","Ìṣẹ̀lẹ̀ :done/:total",,resources/views/membres/index.blade.php:143
":user a créé une présence",":user ṣẹ̀dá àkọsílẹ̀ wíwàníbẹ̀",,resources/views/statistiques.blade.php:153
":user a modifié une présence",":user ṣàtúnṣe àkọsílẹ̀ wíwàníbẹ̀",,resources/views/statistiques.blade.php:154
":user a supprimé une présence",":user paarẹ́ àkọsílẹ̀ wíwàníbẹ̀",,resources/views/statistiques.blade.php:155
Accordé,"A fọwọ́sí",,resources/views/membres/index.blade.php:158
"Accès restreint : un responsable ne voit que les membres de ses groupes","Àǹfààní ìhámọ́: olùdarí kan a máa rí àwọn ọmọ ẹgbẹ́ tirẹ̀ nìkan",,resources/views/legal/privacy.blade.php:34
"Accéder au tableau de bord","Lọ sí pátákó ìdarí",,resources/views/welcome.blade.php:14
Actions,Ìṣe,,resources/views/membres/index.blade.php:123
"Activités récentes","Ìgbòkègbodò tuntun",,resources/views/statistiques.blade.php:144
"Adresse email","Àdírẹ́sì ímeèlì",,resources/views/profile/partials/update-profile-information-form.blade.php:27
"Ajout, modification et suppression des membres par groupes","Fífi kún, ṣíṣàtúnṣe àti pípa àwọn ọmọ ẹgbẹ́ rẹ́ ní ẹgbẹ́ kọ̀ọ̀kan",,resources/views/features.blade.php:10
"Ajouter des membres","Fi àwọn ọmọ ẹgbẹ́ kún",,resources/views/membres/index.blade.php:49
"Ajouter un membre","Fi ọmọ ẹgbẹ́ kan kún",,resources/views/membres/index.blade.php:94
"Ajoutez vos membres","Fi àwọn ọmọ ẹgbẹ́ rẹ kún",,resources/views/documentation.blade.php:12
Amélioration,Ìlọsíwájú,,resources/views/analyses.blade.php:93
Analyses,Ìtúpalẹ̀,,resources/views/layouts/navigation.blade.php:57
"Analyses avancées","Ìtúpalẹ̀ jíjinlẹ̀",,resources/views/documentation.blade.php:30
"Analyses détaillées et comparaisons de périodes","Ìtúpalẹ̀ kíkún àti ìfiwéra àkókò",,resources/views/features.blade.php:25
Annuler,Fagilé,,resources/views/membres/edit.blade.php:68
Appliquer,Lò,,resources/views/analyses.blade.php:34
Assiduité,Ìdúróṣinṣin,,resources/views/documentation.blade.php:26
"Assiduité jour par jour","Ìdúróṣinṣin ojoojúmọ́",,resources/views/analyses.blade.php:112
"Aucun membre enregistré dans ce groupe.","Kò sí ọmọ ẹgbẹ́ kankan nínú ẹgbẹ́ yìí.",,resources/views/dashboardV.blade.php:59
"Aucun membre enregistré pour le moment.","Kò sí ọmọ ẹgbẹ́ kankan fún ìsinsìnyí.",,resources/views/membres/index.blade.php:237
"Aucun membre n'est présent pour cette date.","Kò sí ọmọ ẹgbẹ́ tó wà níbẹ̀ ní ọjọ́ yìí.",,resources/views/statistiques.blade.php:126
"Aucun téléphone requis côté membre","Ọmọ ẹgbẹ́ kò nílò fóònù",,resources/views/demo.blade.php:46
"Aucune donnée disponible","Kò sí data kankan",,resources/views/membres/index.blade.php:287
"Aucune donnée pour cette période","Kò sí data fún àkókò yìí",,resources/views/analyses.blade.php:216
"Aucune présence enregistrée","Kò sí wíwàníbẹ̀ tí a kọ sílẹ̀",,resources/views/statistiques.blade.php:125
"Aucune présence enregistrée pour cette date.","Kò sí wíwàníbẹ̀ tí a kọ sílẹ̀ fún ọjọ́ yìí.",,resources/views/pdf/statistiques.blade.php:147
"Aucune session active pour ce groupe.","Kò sí ìpàdé tó ń lọ fún ẹgbẹ́ yìí.",,app/Http/Controllers/PresenceController.php:105
"Badge obtenu :","Àmì tí a rí gbà:",,resources/views/sessions/open.blade.php:66
Bon,Dáadáa,,resources/views/analyses.blade.php:207
"Bon (≥70%)","Dáadáa (≥70%)",,resources/views/membres/index.blade.php:302
CGU,"Àwọn Òfin Ìlò",,resources/views/components/footer.blade.php:24
"Carnet de présence numérique pour les groupes : une carte QR par membre, un scan par le responsable, des statistiques automatiques.","Ìwé wíwàníbẹ̀ oní-nọ́mbà fún àwọn ẹgbẹ́: káàdì QR kan fún ọmọ ẹgbẹ́ kọ̀ọ̀kan, ìṣàyẹ̀wò kan láti ọ̀dọ̀ olùdarí, ìṣirò aládàáṣe.",,resources/views/layouts/public.blade.php:7
"Carte QR","Káàdì QR",,resources/views/membres/index.blade.php:189
"Carte QR personnelle","Káàdì QR ti ara ẹni",,resources/views/demo.blade.php:39
"Carte QR personnelle pour chaque membre","Káàdì QR ti ara ẹni fún ọmọ ẹgbẹ́ kọ̀ọ̀kan",,resources/views/about.blade.php:17
"Carte d'activité jour par jour et score de régularité","Àwòrán ìgbòkègbodò ojoojúmọ́ àti ààmì ìdúróṣinṣin",,resources/views/documentation.blade.php:27
"Carte de présence","Káàdì wíwàníbẹ̀",,resources/views/pdf/carte-membre.blade.php:5
"Carte de présence personnelle","Káàdì wíwàníbẹ̀ ti ara ẹni",,resources/views/pdf/carte-membre.blade.php:55
"Ce membre n'a pas de QR personnel actif.","Ọmọ ẹgbẹ́ yìí kò ní káàdì QR ti ara rẹ̀ tó ń ṣiṣẹ́.",,app/Http/Controllers/PresenceController.php:320
"Cette session est fermée.","Ìpàdé yìí ti pín.",,app/Http/Controllers/AttendanceSessionController.php:100
"Cette zone est protégée. Confirmez votre mot de passe pour continuer.","Agbègbè ààbò ni èyí. Fọwọ́sí ọ̀rọ̀ ìgbaniwọlé rẹ láti tẹ̀síwájú.",,resources/views/auth/confirm-password.blade.php:3
"Changer de langue","Yí èdè padà",,resources/views/components/language-selector.blade.php:15
"Chaque membre a une carte QR personnelle : dans la liste des membres, le bouton « Carte QR » en génère le PDF à imprimer. Pour pointer, ouvrez une session depuis le tableau de bord, puis scannez les cartes.","Ọmọ ẹgbẹ́ kọ̀ọ̀kan ní káàdì QR ti ara rẹ̀: nínú àtòjọ àwọn ọmọ ẹgbẹ́, bọ́tìnnì «Káàdì QR» ń ṣẹ̀dá PDF fún títẹ̀. Láti forúkọ sílẹ̀, ṣí ìpàdé kan láti pátákó ìdarí, kí o sì ṣàyẹ̀wò àwọn káàdì.",,resources/views/faq.blade.php:15
Chiffrement,"Ìpamọ́ àṣírí",,resources/views/legal/security.blade.php:14
"Chiffrement des échanges avec le serveur (HTTPS/TLS)","A ń pa ìbánisọ̀rọ̀ pẹ̀lú sáfà mọ́ ní àṣírí (HTTPS/TLS)",,resources/views/legal/privacy.blade.php:33
"Choisissez un mot de passe sécurisé","Yan ọ̀rọ̀ ìgbaniwọlé tó ní ààbò",,resources/views/auth/register.blade.php:56
"Classement par taux de présence","Ìtòlẹ́sẹẹsẹ gẹ́gẹ́ bí ìwọ̀n wíwàníbẹ̀",,resources/views/analyses.blade.php:176
"Cliquez ici pour renvoyer l'email de vérification.","Tẹ ibí láti tún ímeèlì ìjẹ́rìísí ránṣẹ́.",,resources/views/profile/partials/update-profile-information-form.blade.php:37
Cloisonnement,"Ìpínyà data",,resources/views/legal/security.blade.php:18
"Comment ajouter un membre ?","Báwo ni mo ṣe lè fi ọmọ ẹgbẹ́ kún?",,resources/views/faq.blade.php:9
"Comment fonctionne la carte QR ?","Báwo ni káàdì QR ṣe ń ṣiṣẹ́?",,resources/views/faq.blade.php:14
"Comment retirer le consentement RGPD ?","Báwo ni mo ṣe lè yọ ìfọwọ́sí RGPD kúrò?",,resources/views/faq.blade.php:29
"Comment ça marche","Bí ó ṣe ń ṣiṣẹ́",,resources/views/welcome.blade.php:30
"Comparaison avec la période précédente","Ìfiwéra pẹ̀lú àkókò tó kọjá",,resources/views/analyses.blade.php:75
"Conditions générales d'utilisation","Àwọn òfin ìlò",,resources/views/legal/terms.blade.php:5
Confidentialité,Ìpamọ́,,resources/views/components/footer.blade.php:23
Confirmer,Fọwọ́sí,,resources/views/auth/confirm-password.blade.php:23
"Confirmer le mot de passe","Fọwọ́sí ọ̀rọ̀ ìgbaniwọlé",,resources/views/profile/partials/update-password-form.blade.php:29
"Confirmez votre mot de passe","Fọwọ́sí ọ̀rọ̀ ìgbaniwọlé rẹ",,resources/views/auth/register.blade.php:68
Conformité,Ìbámu,,resources/views/legal/security.blade.php:25
"Conformité RGPD","Ìbámu RGPD",,resources/views/about.blade.php:20
"Conformément au RGPD, vous disposez des droits suivants :","Gẹ́gẹ́ bí RGPD ṣe sọ, ẹ ní àwọn ẹ̀tọ́ wọ̀nyí:",,resources/views/legal/privacy.blade.php:41
"Connectez-vous pour gérer la présence de vos groupes.","Wọlé láti ṣàkóso wíwàníbẹ̀ àwọn ẹgbẹ́ rẹ.",,resources/views/auth/login.blade.php:4
Connexion,Wọlé,,resources/views/layouts/public.blade.php:34
Consentement,Ìfọwọ́sí,,resources/views/membres/index.blade.php:117
"Consentement RGPD obtenu (oral/écrit)","A ti gba ìfọwọ́sí RGPD (ẹnu tàbí ìwé)",,resources/views/membres/index.blade.php:83
"Consentement enregistré pour chaque membre","A kọ ìfọwọ́sí sílẹ̀ fún ọmọ ẹgbẹ́ kọ̀ọ̀kan",,resources/views/legal/privacy.blade.php:35
"Consultez les statistiques","Wo àwọn ìṣirò",,resources/views/documentation.blade.php:14
Contact,Ìbánisọ̀rọ̀,,resources/views/contact.blade.php:5
"Critique (<30%)","Léwu (<30%)",,resources/views/membres/index.blade.php:314
"Création de compte sécurisée","Ṣíṣẹ̀dá àkàǹtì onílàáàbò",,resources/views/demo.blade.php:63
"Créer mon compte","Ṣẹ̀dá àkàǹtì mi",,resources/views/auth/register.blade.php:76
"Créer un compte","Ṣẹ̀dá àkàǹtì",,resources/views/layouts/public.blade.php:37
"Créez votre compte et testez les fonctionnalités","Ṣẹ̀dá àkàǹtì rẹ kí o sì dán àwọn ẹ̀ya rẹ̀ wò",,resources/views/demo.blade.php:98
"Créez votre compte et votre premier groupe","Ṣẹ̀dá àkàǹtì rẹ àti ẹgbẹ́ àkọ́kọ́ rẹ",,resources/views/documentation.blade.php:11
Date,Ọjọ́,,resources/views/pdf/statistiques.blade.php:131
"Date :",Ọjọ́:,,resources/views/pdf/statistiques.blade.php:100
"Date de début","Ọjọ́ ìbẹ̀rẹ̀",,resources/views/analyses.blade.php:27
"Date de fin","Ọjọ́ ìparí",,resources/views/analyses.blade.php:31
Diminution,Ìdinku,,resources/views/analyses.blade.php:93
"Document généré automatiquement par le système de vérification de présence","Ìwé tí ètò ìṣàyẹ̀wò wíwàníbẹ̀ ṣẹ̀dá fúnra rẹ̀",,resources/views/pdf/statistiques.blade.php:152
Documentation,"Ìwé ìtọ́sọ́nà",,resources/views/documentation.blade.php:5
"Données collectées","Data tí a kójọ",,resources/views/legal/privacy.blade.php:11
"Données de présence (date, heure)","Data wíwàníbẹ̀ (ọjọ́, àkókò)",,resources/views/legal/privacy.blade.php:16
"Droit d'accès à vos données","Ẹ̀tọ́ láti wo data rẹ",,resources/views/legal/privacy.blade.php:43
"Droit d'opposition","Ẹ̀tọ́ láti takò",,resources/views/legal/privacy.blade.php:47
"Droit de portabilité","Ẹ̀tọ́ láti gbé data lọ",,resources/views/legal/privacy.blade.php:46
"Droit de rectification","Ẹ̀tọ́ láti ṣàtúnṣe",,resources/views/legal/privacy.blade.php:44
"Droit à l'effacement","Ẹ̀tọ́ láti paarẹ́",,resources/views/legal/privacy.blade.php:45
"Du :debut au :fin","Láti :debut dé :fin",,resources/views/analyses.blade.php:43
Déconnexion,Jáde,,resources/views/layouts/navigation.blade.php:84
"Découvrez les fonctionnalités en action","Wo àwọn ẹ̀ya rẹ̀ nínú iṣẹ́",,resources/views/demo.blade.php:5
"Déjà un compte ?","Ṣé o ti ní àkàǹtì?",,resources/views/auth/register.blade.php:80
Démonstration,Àfihàn,,resources/views/demo.blade.php:1
"Démonstration du système","Àfihàn ètò náà",,resources/views/demo.blade.php:4
"Email :",Ímeèlì:,,resources/views/contact.blade.php:13
"En attente d'un scan…","Ń dúró de ìṣàyẹ̀wò…",,resources/views/sessions/open.blade.php:34
"En utilisant l'application, vous vous engagez à :","Nípa lílo ohun èlò yìí, ẹ gbà láti:",,resources/views/legal/terms.blade.php:29
Enregistrer,"Fi pamọ́",,resources/views/profile/partials/update-profile-information-form.blade.php:51
"Enregistrer les présences","Fi wíwàníbẹ̀ pamọ́",,resources/views/dashboardV.blade.php:54
"Enregistrer tous les membres","Fi gbogbo ọmọ ẹgbẹ́ pamọ́",,resources/views/membres/index.blade.php:97
"Enregistrer un ou plusieurs nouveaux membres","Forúkọ ọmọ ẹgbẹ́ tuntun kan tàbí púpọ̀ sílẹ̀",,resources/views/dashboard.blade.php:46
Enregistré.,"A ti fi pamọ́.",,resources/views/profile/partials/update-profile-information-form.blade.php:60
"Envoyer le lien de réinitialisation","Fi ọ̀nà ìtúnṣe ránṣẹ́",,resources/views/auth/forgot-password.blade.php:21
"Erreur inconnue.","Àṣìṣe àìmọ̀.",,resources/views/sessions/open.blade.php:67
"Erreur réseau, réessayez.","Àṣìṣe nẹ́tíwọ̀kì, gbìyànjú lẹ́ẹ̀kan sí i.",,resources/views/sessions/open.blade.php:68
"Ex. : Groupe de prière, Chorale…","Àpẹẹrẹ: Ẹgbẹ́ àdúrà, Ẹgbẹ́ akọrin…",,resources/views/auth/register.blade.php:31
Excellent,Tayọ,,resources/views/analyses.blade.php:205
"Excellent (≥90%)","Tayọ (≥90%)",,resources/views/membres/index.blade.php:298
"Export PDF","Ìjáde PDF",,resources/views/documentation.blade.php:34
"Export PDF des statistiques","Ìjáde PDF ti àwọn ìṣirò",,resources/views/demo.blade.php:25
"Exporter PDF","Mú PDF jáde",,resources/views/statistiques.blade.php:85
"Exporter les données","Mú data jáde",,resources/views/membres/index.blade.php:196
"Exportez vos rapports","Mú ìjábọ̀ rẹ jáde",,resources/views/documentation.blade.php:35
FAQ,"Ìbéèrè tí a sábà béèrè",,resources/views/faq.blade.php:5
"Faible (≥30%)","Kékeré (≥30%)",,resources/views/membres/index.blade.php:310
Fermer,Tì,,resources/views/membres/index.blade.php:44
"Fermer la session","Ti ìpàdé",,resources/views/dashboard.blade.php:86
"Fermer la session ?","Ti ìpàdé náà?",,resources/views/sessions/open.blade.php:54
"Fermer le menu","Ti àtòjọ",,resources/views/layouts/navigation.blade.php:29
"Feuille de présence","Ìwé wíwàníbẹ̀",,resources/views/layouts/navigation.blade.php:51
"Filtrer les résultats","Ṣàyẹ̀wò àwọn èsì",,resources/views/statistiques.blade.php:28
"Filtres de recherche","Ìṣàyẹ̀wò ìwádìí",,resources/views/statistiques.blade.php:10
Fonctionnalités,"Àwọn ẹ̀ya",,resources/views/components/footer.blade.php:9
"Fonctionnalités avancées","Àwọn ẹ̀ya jíjinlẹ̀",,resources/views/documentation.blade.php:19
"Fournir des informations exactes","Pèsè ìsọfúnni tó tọ́",,resources/views/legal/terms.blade.php:31
"Gestion des membres","Ìṣàkóso àwọn ọmọ ẹgbẹ́",,resources/views/membres/index.blade.php:40
"Gestion des membres par groupes","Ìṣàkóso àwọn ọmọ ẹgbẹ́ ní ẹgbẹ́ kọ̀ọ̀kan",,resources/views/about.blade.php:15
"Graphiques et classements","Àwòrán àti ìtòlẹ́sẹẹsẹ",,resources/views/demo.blade.php:24
Groupe(s),Ẹgbẹ́,,resources/views/membres/edit.blade.php:52
"Groupe(s) :",Ẹgbẹ́:,,resources/views/pdf/statistiques.blade.php:96
Groupes,"Àwọn ẹgbẹ́",,resources/views/membres/index.blade.php:114
"Guide de démarrage","Ìtọ́sọ́nà ìbẹ̀rẹ̀",,resources/views/documentation.blade.php:9
"Généré le :","A ṣẹ̀dá rẹ̀ ní:",,resources/views/pdf/statistiques.blade.php:104
Heure,Àkókò,,resources/views/statistiques.blade.php:96
"Heure d'arrivée","Àkókò ìdé",,resources/views/pdf/statistiques.blade.php:130
"Heure la plus active","Wákàtí tó gbóná jù",,resources/views/analyses.blade.php:163
"Horaires :","Àkókò iṣẹ́:",,resources/views/contact.blade.php:21
"Hors ligne","Kò sí lórí ìkànnì",,resources/views/offline.blade.php:6
"Hébergement sécurisé · Conforme RGPD · Données chiffrées en transit","Ìtọ́jú onílàáàbò · Ìbámu RGPD · Data tí a pa mọ́ ní àṣírí nígbà ìrìnàjò",,resources/views/components/footer.blade.php:30
"Il semble que vous n'ayez pas de connexion internet. Vérifiez votre connexion et réessayez.","Ó dàbí pé o kò ní ìsopọ̀ íńtánẹ́ẹ̀tì. Ṣàyẹ̀wò ìsopọ̀ rẹ kí o sì gbìyànjú lẹ́ẹ̀kan sí i.",,resources/views/offline.blade.php:19
"Impossible d'accéder à la caméra. Vérifiez les autorisations du navigateur.","Kò ṣeé ṣe láti lo kámẹ́rà. Ṣàyẹ̀wò àṣẹ ẹ̀rọ aṣàwákiri rẹ.",,resources/views/sessions/open.blade.php:69
"Imprimez la carte de chaque membre et scannez-la pendant la session","Tẹ káàdì ọmọ ẹgbẹ́ kọ̀ọ̀kan kí o sì ṣàyẹ̀wò rẹ̀ nígbà ìpàdé",,resources/views/documentation.blade.php:23
"Informations du profil","Ìsọfúnni profáìlì",,resources/views/profile/partials/update-profile-information-form.blade.php:4
"Interface de gestion","Ojú-ìwé ìṣàkóso",,resources/views/demo.blade.php:18
"Interface simple pour marquer les présences","Ojú-ìwé tó rọrùn láti kọ wíwàníbẹ̀ sílẹ̀",,resources/views/features.blade.php:15
"L'application de vérification de présence a été conçue pour simplifier la gestion des présences lors de réunions, formations et événements. Notre objectif est de fournir un outil simple, efficace et sécurisé.","A ṣe ohun èlò ìṣàyẹ̀wò wíwàníbẹ̀ yìí láti mú ìṣàkóso wíwàníbẹ̀ rọrùn nínú àwọn ìpàdé, ìdánilẹ́kọ̀ọ́ àti ìṣẹ̀lẹ̀. Èròngbà wa ni láti pèsè ohun èlò tó rọrùn, tó ṣiṣẹ́ dáadáa tó sì ní ààbò.",,resources/views/about.blade.php:10
"L'application est destinée à :","A ṣe ohun èlò yìí fún:",,resources/views/legal/terms.blade.php:19
"L'organisation de réunions et formations","Ìṣètò àwọn ìpàdé àti ìdánilẹ́kọ̀ọ́",,resources/views/legal/terms.blade.php:23
"L'utilisateur est responsable de l'utilisation qu'il fait de l'application et des données qu'il y saisit. Nous nous efforçons de maintenir la disponibilité du service mais ne garantissons pas une disponibilité de 100 %.","Olùlò ni ó ní ojúṣe fún bí ó ṣe ń lo ohun èlò yìí àti data tí ó fi sí inú rẹ̀. A ń sapá láti jẹ́ kí iṣẹ́ náà wà nígbà gbogbo ṣùgbọ́n a kò ṣèlérí wíwà 100 %.",,resources/views/legal/terms.blade.php:41
"La gestion des présences","Ìṣàkóso wíwàníbẹ̀",,resources/views/legal/privacy.blade.php:24
"La gestion des présences lors d'événements","Ìṣàkóso wíwàníbẹ̀ nínú àwọn ìṣẹ̀lẹ̀",,resources/views/legal/terms.blade.php:21
"La génération de statistiques","Ṣíṣẹ̀dá àwọn ìṣirò",,resources/views/legal/privacy.blade.php:25
"La génération de statistiques de présence","Ṣíṣẹ̀dá àwọn ìṣirò wíwàníbẹ̀",,resources/views/legal/terms.blade.php:22
"La mise en place d'un groupe prend moins de deux minutes.","Ṣíṣètò ẹgbẹ́ kan kò tó ìṣẹ́jú méjì.",,resources/views/welcome.blade.php:60
"La présence de vos groupes, <span class=""text-accent"">simplement</span> suivie","Wíwàníbẹ̀ àwọn ẹgbẹ́ rẹ, <span class=""text-accent"">lọ́nà tó rọrùn</span>",,resources/views/welcome.blade.php:6
"La relance se fait par téléphone : appuyez sur un numéro pour appeler. Aucun SMS ni email n'est envoyé automatiquement.","Nípa fóònù ni a ṣe ń rán wọn létí: tẹ nọ́mbà kan láti pè. A kò fi SMS tàbí ímeèlì kankan ránṣẹ́ fúnra rẹ̀.",,resources/views/alerts/index.blade.php:62
"Le nom de votre groupe ou organisation. Vous pourrez ajouter d'autres co-responsables ensuite.","Orúkọ ẹgbẹ́ tàbí àjọ rẹ. O lè fi àwọn olùdarí mìíràn kún lẹ́yìn náà.",,resources/views/auth/register.blade.php:34
"Le numéro de téléphone ne peut contenir que des chiffres et le symbole +","Nọ́mbà fóònù lè ní àwọn nọ́mbà àti àmì + nìkan",,app/Http/Controllers/PresenceController.php:56
"Les données sont-elles sécurisées ?","Ṣé data náà ní ààbò?",,resources/views/faq.blade.php:19
"Les présentes conditions générales d'utilisation (CGU) régissent l'utilisation de l'application de vérification de présence. En utilisant cette application, vous acceptez ces conditions.","Àwọn òfin ìlò wọ̀nyí ń ṣàkóso lílo ohun èlò ìṣàyẹ̀wò wíwàníbẹ̀ yìí. Nípa lílo rẹ̀, ẹ gba àwọn òfin wọ̀nyí.",,resources/views/legal/terms.blade.php:13
"Les échanges avec le serveur sont chiffrés et les données sont hébergées en Europe. Le consentement de chaque membre est enregistré.","A pa ìbánisọ̀rọ̀ pẹ̀lú sáfà mọ́ ní àṣírí, a sì tọ́jú data ní Yúróòpù. A kọ ìfọwọ́sí ọmọ ẹgbẹ́ kọ̀ọ̀kan sílẹ̀.",,resources/views/faq.blade.php:20
"Liste des membres","Àtòjọ àwọn ọmọ ẹgbẹ́",,resources/views/membres/index.blade.php:4
"Liste des présences","Àtòjọ wíwàníbẹ̀",,resources/views/pdf/statistiques.blade.php:122
"Lundi au vendredi, 9 h - 18 h","Ajé sí Ẹtì, 9 àárọ̀ - 6 alẹ́",,resources/views/contact.blade.php:22
Légal,Òfin,,resources/views/components/footer.blade.php:21
"Marquer les présents manuellement","Kọ àwọn tó wà níbẹ̀ sílẹ̀ pẹ̀lú ọwọ́",,resources/views/dashboard.blade.php:37
"Meilleur jour","Ọjọ́ tó dára jù",,resources/views/analyses.blade.php:156
Membre,"Ọmọ ẹgbẹ́",,resources/views/membres/index.blade.php:108
"Membre modifié.","A ti ṣàtúnṣe ọmọ ẹgbẹ́.",,app/Http/Controllers/PresenceController.php:249
"Membre supprimé.","A ti pa ọmọ ẹgbẹ́ rẹ́.",,app/Http/Controllers/PresenceController.php:267
Membres,"Àwọn ọmọ ẹgbẹ́",,resources/views/layouts/navigation.blade.php:47
"Membres n'ayant pas pointé","Àwọn ọmọ ẹgbẹ́ tí kò tíì forúkọ sílẹ̀",,resources/views/alerts/index.blade.php:42
"Merci pour votre inscription. Avant de commencer, vérifiez votre adresse email en cliquant sur le lien que nous venons de vous envoyer. Si vous ne l'avez pas reçu, nous vous en renverrons un.","A dúpẹ́ fún ìforúkọsílẹ̀ rẹ. Ṣáájú kí o tó bẹ̀rẹ̀, jẹ́rìí àdírẹ́sì ímeèlì rẹ nípa títẹ ọ̀nà tí a ṣẹ̀ṣẹ̀ fi ránṣẹ́ sí ọ. Bí o kò bá gbà á, a ó tún fi òmíràn ránṣẹ́.",,resources/views/auth/verify-email.blade.php:3
"Mes groupes","Àwọn ẹgbẹ́ mi",,resources/views/dashboard.blade.php:62
"Mesures de sécurité","Ìgbésẹ̀ ààbò",,resources/views/legal/security.blade.php:11
"Mettez à jour les informations de votre compte et votre adresse email.","Ṣàtúnṣe ìsọfúnni àkàǹtì rẹ àti àdírẹ́sì ímeèlì rẹ.",,resources/views/profile/partials/update-profile-information-form.blade.php:8
"Mettre à jour",Ṣàtúnṣe,,resources/views/membres/edit.blade.php:72
"Modification des CGU","Ìyípadà àwọn òfin",,resources/views/legal/terms.blade.php:46
Modifier,Ṣàtúnṣe,,resources/views/membres/index.blade.php:203
"Modifier le membre","Ṣàtúnṣe ọmọ ẹgbẹ́",,resources/views/membres/edit.blade.php:4
"Modifier le mot de passe","Yí ọ̀rọ̀ ìgbaniwọlé padà",,resources/views/profile/partials/update-password-form.blade.php:4
Moins,Kéré,,resources/views/analyses.blade.php:114
"Mot de passe","Ọ̀rọ̀ ìgbaniwọlé",,resources/views/profile/partials/delete-user-form.blade.php:31
"Mot de passe actuel","Ọ̀rọ̀ ìgbaniwọlé lọ́wọ́lọ́wọ́",,resources/views/profile/partials/update-password-form.blade.php:17
"Mot de passe oublié ?","Ṣé o gbàgbé ọ̀rọ̀ ìgbaniwọlé rẹ?",,resources/views/auth/login.blade.php:48
"Mot de passe oublié ? Indiquez votre adresse email : nous vous enverrons un lien pour en choisir un nouveau.","Ṣé o gbàgbé ọ̀rọ̀ ìgbaniwọlé rẹ? Sọ àdírẹ́sì ímeèlì rẹ fún wa: a ó fi ọ̀nà ránṣẹ́ sí ọ láti yan tuntun.",,resources/views/auth/forgot-password.blade.php:3
"Moy. par événement","Ìwọ̀n àpapọ̀ fún ìṣẹ̀lẹ̀",,resources/views/analyses.blade.php:66
"Moyen (≥50%)","Àárín (≥50%)",,resources/views/membres/index.blade.php:306
"Moyenne / jour","Ìwọ̀n àpapọ̀ / ọjọ́",,resources/views/analyses.blade.php:62
"Ne pas utiliser l'application à des fins illégales","Má ṣe lo ohun èlò yìí fún ohun tí kò bófinmu",,resources/views/legal/terms.blade.php:33
"Niveaux de régularité :","Ìpele ìdúróṣinṣin:",,resources/views/membres/index.blade.php:294
Nom,Orúkọ,,resources/views/profile/partials/update-profile-information-form.blade.php:21
"Nom complet","Orúkọ kíkún",,resources/views/auth/register.blade.php:12
"Nom du groupe","Orúkọ ẹgbẹ́",,resources/views/auth/register.blade.php:26
"Nom et prénom","Orúkọ àti orúkọ ìdílé",,resources/views/legal/privacy.blade.php:14
"Nom et prénoms","Orúkọ àti orúkọ ìdílé",,resources/views/membres/edit.blade.php:29
"Nom ou téléphone","Orúkọ tàbí fóònù",,resources/views/statistiques.blade.php:22
"Non accordé","Kò fọwọ́sí",,resources/views/membres/index.blade.php:162
"Notre mission","Ìpinnu wa",,resources/views/about.blade.php:8
"Nous collectons uniquement les données nécessaires au fonctionnement de l'application :","A kójọ data tí ohun èlò náà nílò nìkan:",,resources/views/legal/privacy.blade.php:12
"Nous contacter","Kàn sí wa",,resources/views/contact.blade.php:9
"Nous mettons en place des mesures techniques et organisationnelles pour protéger vos données :","A ń lo àwọn ìgbésẹ̀ ìmọ̀-ẹ̀rọ àti ti ètò láti dáàbò bo data rẹ:",,resources/views/legal/privacy.blade.php:31
"Nous nous réservons le droit de modifier ces conditions à tout moment. Les utilisateurs seront informés des modifications importantes.","A ní ẹ̀tọ́ láti yí àwọn òfin wọ̀nyí padà nígbàkúgbà. A ó fi àwọn ìyípadà pàtàkì tó àwọn olùlò létí.",,resources/views/legal/terms.blade.php:48
"Nous rencontrons actuellement des difficultés techniques. Veuillez réessayer dans quelques instants.","A ń ní ìṣòro ìmọ̀-ẹ̀rọ lọ́wọ́lọ́wọ́. Jọ̀wọ́ gbìyànjú lẹ́ẹ̀kan sí i láìpẹ́.",,resources/views/errors/database.blade.php:19
"Nouveau mot de passe","Ọ̀rọ̀ ìgbaniwọlé tuntun",,resources/views/profile/partials/update-password-form.blade.php:23
"Numéro de téléphone","Nọ́mbà fóònù",,resources/views/membres/edit.blade.php:41
Objet,Ète,,resources/views/legal/terms.blade.php:11
"Obligations de l'utilisateur","Ojúṣe olùlò",,resources/views/legal/terms.blade.php:28
"Obtenir le consentement des personnes enregistrées","Gba ìfọwọ́sí àwọn tí o forúkọ sílẹ̀",,resources/views/legal/terms.blade.php:34
Organisation,Àjọ,,resources/views/layouts/navigation.blade.php:60
"Oui, le bouton « Exporter PDF » de la page Statistiques produit un document reprenant les filtres appliqués.","Bẹ́ẹ̀ ni. Bọ́tìnnì «Mú PDF jáde» lórí ojú-ìwé Ìṣirò ń ṣẹ̀dá ìwé tó bá ìṣàyẹ̀wò tí o lò mu.",,resources/views/faq.blade.php:25
"Ouvrez une session et pointez les présences","Ṣí ìpàdé kan kí o sì kọ wíwàníbẹ̀ sílẹ̀",,resources/views/documentation.blade.php:13
"Ouvrez « Confidentialité (RGPD) » et utilisez « Retirer mon consentement » dans la section « Votre consentement personnel ».","Ṣí «Ìpamọ́ (RGPD)» kí o sì lo «Yọ ìfọwọ́sí mi kúrò» nínú apá «Ìfọwọ́sí ara ẹni rẹ».",,resources/views/faq.blade.php:30
"Ouvrez « Membres », cliquez sur « + Ajouter », renseignez le nom et le téléphone, choisissez le ou les groupes et cochez le consentement RGPD.","Ṣí «Àwọn ọmọ ẹgbẹ́», tẹ «+ Fi kún», kọ orúkọ àti nọ́mbà fóònù, yan ẹgbẹ́ tàbí àwọn ẹgbẹ́, kí o sì samì sí ìfọwọ́sí RGPD.",,resources/views/faq.blade.php:10
"Ouvrir le menu","Ṣí àtòjọ",,resources/views/layouts/navigation.blade.php:8
"Ouvrir une session","Ṣí ìpàdé",,resources/views/dashboard.blade.php:92
"Pas encore de compte ?","Ṣé o kò tíì ní àkàǹtì?",,resources/views/auth/login.blade.php:59
"Placez le QR du membre dans le cadre.","Gbé QR ọmọ ẹgbẹ́ sí inú férémù.",,resources/views/sessions/open.blade.php:28
Plus,Púpọ̀,,resources/views/analyses.blade.php:122
"Pointage instantané au scan","Ìforúkọsílẹ̀ kíákíá nígbà ìṣàyẹ̀wò",,resources/views/demo.blade.php:45
"Politique de confidentialité","Ìlànà ìpamọ́",,resources/views/legal/privacy.blade.php:5
"Pour toute question ou suggestion, n'hésitez pas à nous contacter.","Fún ìbéèrè tàbí àbá èyíkéyìí, má ṣe jáfara láti kàn sí wa.",,resources/views/about.blade.php:25
"Pour toute question, suggestion ou support technique :","Fún ìbéèrè, àbá tàbí ìrànlọ́wọ́ ìmọ̀-ẹ̀rọ èyíkéyìí:",,resources/views/contact.blade.php:10
"Pour une aide personnalisée, contactez-nous depuis la page Contact.","Fún ìrànlọ́wọ́ pàtàkì, kàn sí wa láti ojú-ìwé Ìbánisọ̀rọ̀.",,resources/views/documentation.blade.php:42
"Processus simplifié","Ìlànà tó rọrùn",,resources/views/demo.blade.php:54
Produit,Ọjà,,resources/views/components/footer.blade.php:5
Profil,Profáìlì,,resources/views/profile/edit.blade.php:4
"Programmez des événements pour voir le classement","Ṣètò àwọn ìṣẹ̀lẹ̀ láti rí ìtòlẹ́sẹẹsẹ",,resources/views/membres/index.blade.php:288
Progression,Ìlọsíwájú,,resources/views/analyses.blade.php:186
"Protection des données","Ààbò data",,resources/views/legal/privacy.blade.php:30
"Présence enregistrée pour :name","A ti kọ wíwàníbẹ̀ sílẹ̀ fún :name",,app/Http/Controllers/AttendanceSessionController.php:160
Présences,Wíwàníbẹ̀,,resources/views/analyses.blade.php:58
Présent,"Ó wà níbẹ̀",,resources/views/dashboardV.blade.php:45
Présents,"Àwọn tó wà níbẹ̀",,resources/views/pdf/statistiques.blade.php:109
"Prêt à commencer ?","Ṣé o ti ṣetán láti bẹ̀rẹ̀?",,resources/views/welcome.blade.php:59
"Puis-je exporter les statistiques ?","Ṣé mo lè mú àwọn ìṣirò jáde?",,resources/views/faq.blade.php:24
Période,Àkókò,,resources/views/analyses.blade.php:11
"Période actuelle","Àkókò lọ́wọ́lọ́wọ́",,resources/views/analyses.blade.php:78
"Période précédente","Àkókò tó kọjá",,resources/views/analyses.blade.php:83
"QR code invalide ou révoqué.","Kóòdù QR kò tọ́ tàbí a ti fagilé rẹ̀.",,app/Http/Controllers/AttendanceSessionController.php:125
"Qui était présent à une date donnée.","Ta ni ó wà níbẹ̀ ní ọjọ́ kan pàtó.",,resources/views/statistiques.blade.php:4
RGPD,RGPD,,resources/views/features.blade.php:34
Rang,Ipò,,resources/views/analyses.blade.php:182
"Rapports PDF détaillés","Ìjábọ̀ PDF kíkún",,resources/views/demo.blade.php:90
"Ravis de vous revoir","A yọ̀ láti tún rí ọ",,resources/views/auth/login.blade.php:3
"Recherche :",Ìwádìí:,,resources/views/pdf/statistiques.blade.php:102
Rechercher,Wá,,resources/views/statistiques.blade.php:21
"Rejoignez le système de gestion de présence.","Darapọ̀ mọ́ ètò ìṣàkóso wíwàníbẹ̀.",,resources/views/auth/register.blade.php:4
"Renvoyer l'email de vérification","Tún ímeèlì ìjẹ́rìísí ránṣẹ́",,resources/views/auth/verify-email.blade.php:18
"Respecter la confidentialité des données","Bọ̀wọ̀ fún ìpamọ́ data",,resources/views/legal/terms.blade.php:32
Responsabilité,Ojúṣe,,resources/views/legal/terms.blade.php:39
"Retour au tableau de bord","Padà sí pátákó ìdarí",,resources/views/sessions/open.blade.php:4
"Retour à l'accueil","Padà sí ojú-ìwé àkọ́kọ́",,resources/views/layouts/guest.blade.php:43
Réessayer,"Gbìyànjú lẹ́ẹ̀kan sí i",,resources/views/offline.blade.php:22
Régularité,Ìdúróṣinṣin,,resources/views/membres/index.blade.php:120
Réinitialiser,"Tún bẹ̀rẹ̀",,resources/views/analyses.blade.php:37
"Réinitialiser le mot de passe","Tún ọ̀rọ̀ ìgbaniwọlé ṣe",,resources/views/auth/reset-password.blade.php:35
"Scan QR ou saisie manuelle","Ìṣàyẹ̀wò QR tàbí kíkọ pẹ̀lú ọwọ́",,resources/views/demo.blade.php:72
"Scan rapide","Ìṣàyẹ̀wò kíákíá",,resources/views/demo.blade.php:40
"Scanner les présences","Ṣàyẹ̀wò wíwàníbẹ̀",,resources/views/dashboard.blade.php:82
"Score de régularité par membre et carte d'activité jour par jour","Ààmì ìdúróṣinṣin fún ọmọ ẹgbẹ́ kọ̀ọ̀kan àti àwòrán ìgbòkègbodò ojoojúmọ́",,resources/views/features.blade.php:30
"Se connecter",Wọlé,,resources/views/welcome.blade.php:21
"Se souvenir de moi","Rántí mi",,resources/views/auth/login.blade.php:43
"Service temporairement indisponible","Iṣẹ́ kò sí fún ìgbà díẹ̀",,resources/views/errors/database.blade.php:17
"Session en cours","Ìpàdé ń lọ lọ́wọ́",,resources/views/dashboard.blade.php:72
"Session en cours · ouverte le :date","Ìpàdé ń lọ lọ́wọ́ · a ṣí i ní :date",,resources/views/sessions/open.blade.php:10
"Session fermée.","A ti ti ìpàdé.",,app/Http/Controllers/AttendanceSessionController.php:78
"Session ouverte.","A ti ṣí ìpàdé.",,app/Http/Controllers/AttendanceSessionController.php:66
"Si vous découvrez une faille de sécurité, merci de nous contacter immédiatement pour que nous puissions la corriger rapidement.","Bí o bá rí àlàfo ààbò kan, jọ̀wọ́ kàn sí wa lẹ́sẹ̀kẹsẹ̀ kí a lè tún un ṣe kíákíá.",,resources/views/legal/security.blade.php:38
"Signalement de vulnérabilité","Ìròyìn àlàfo ààbò",,resources/views/legal/security.blade.php:36
Statistiques,Ìṣirò,,resources/views/features.blade.php:24
"Statistiques automatiques","Ìṣirò aládàáṣe",,resources/views/demo.blade.php:81
"Statistiques de présence","Ìṣirò wíwàníbẹ̀",,resources/views/pdf/statistiques.blade.php:6
"Statistiques et analyses","Ìṣirò àti ìtúpalẹ̀",,resources/views/about.blade.php:18
"Statistiques à jour","Ìṣirò tuntun",,resources/views/demo.blade.php:19
"Statistiques, classement de régularité et carte d'assiduité se mettent à jour d'eux-mêmes, groupe par groupe.","Àwọn ìṣirò, ìtòlẹ́sẹẹsẹ ìdúróṣinṣin àti àwòrán wíwàníbẹ̀ ń ṣàtúnṣe ara wọn, ẹgbẹ́ kọ̀ọ̀kan.",,resources/views/welcome.blade.php:51
"Suivi de l'assiduité dans le temps","Ìtọ́jú ìdúróṣinṣin ní àkókò gígùn",,resources/views/about.blade.php:19
"Suivi des absences","Ìtọ́jú àìsí",,resources/views/layouts/navigation.blade.php:64
Support,Ìrànlọ́wọ́,,resources/views/components/footer.blade.php:13
"Support technique","Ìrànlọ́wọ́ ìmọ̀-ẹ̀rọ",,resources/views/documentation.blade.php:41
Supprimer,Paarẹ́,,resources/views/membres/index.blade.php:216
"Supprimer ce membre","Paarẹ́ ọmọ ẹgbẹ́ yìí",,resources/views/membres/index.blade.php:334
"Supprimer le compte","Paarẹ́ àkàǹtì",,resources/views/profile/partials/delete-user-form.blade.php:4
Système,Ètò,,resources/views/statistiques.blade.php:153
"Système de vérification de présence","Ètò ìṣàyẹ̀wò wíwàníbẹ̀",,resources/views/layouts/public.blade.php:8
"Système de vérification de présence. Tous droits réservés.","Ètò ìṣàyẹ̀wò wíwàníbẹ̀. Gbogbo ẹ̀tọ́ ni a pamọ́.",,resources/views/components/footer.blade.php:29
Sécurité,Ààbò,,resources/views/legal/security.blade.php:5
"Tableau de bord","Pátákó ìdarí",,resources/views/layouts/public.blade.php:30
Taux,Ìwọ̀n,,resources/views/analyses.blade.php:185
"Taux : :rate%","Ìwọ̀n: :rate%",,resources/views/analyses.blade.php:80
"Taux de présence","Ìwọ̀n wíwàníbẹ̀",,resources/views/alerts/index.blade.php:24
"Tendances, assiduité et classement des membres","Ìtẹ̀sí, ìdúróṣinṣin àti ìtòlẹ́sẹẹsẹ àwọn ọmọ ẹgbẹ́",,resources/views/dashboard.blade.php:55
"Tendances, assiduité et classement des membres sur une période.","Ìtẹ̀sí, ìdúróṣinṣin àti ìtòlẹ́sẹẹsẹ àwọn ọmọ ẹgbẹ́ ní àkókò kan.",,resources/views/analyses.blade.php:4
"Tendances, classement des membres et comparaison de périodes","Ìtẹ̀sí, ìtòlẹ́sẹẹsẹ àwọn ọmọ ẹgbẹ́ àti ìfiwéra àkókò",,resources/views/documentation.blade.php:31
"Top 5 régularité","Àwọn 5 tó dúróṣinṣin jù",,resources/views/membres/index.blade.php:256
"Total : :count membre|Total : :count membres","Àpapọ̀: ọmọ ẹgbẹ́ :count|Àpapọ̀: ọmọ ẹgbẹ́ :count",oui,resources/views/membres/index.blade.php:41
"Total membres","Àpapọ̀ àwọn ọmọ ẹgbẹ́",,resources/views/analyses.blade.php:54
"Tous les membres ont pointé pour l'instant.","Gbogbo àwọn ọmọ ẹgbẹ́ ti forúkọ sílẹ̀ títí di ìsinsìnyí.",,resources/views/alerts/index.blade.php:44
"Traduction indicative. Seule la version française fait foi.","Ìtumọ̀ fún ìtọ́sọ́nà nìkan. Ẹ̀dà Faransé nìkan ni ó ní agbára.",,resources/views/components/legal-translation-notice.blade.php:5
Téléphone,Fóònù,,resources/views/membres/index.blade.php:76
"Téléphone :",Fóònù:,,resources/views/contact.blade.php:17
"Un carnet de présence numérique pour les groupes de l'église : un QR personnel par membre, un scan par le responsable, un suivi qui se fait de lui-même.","Ìwé wíwàníbẹ̀ oní-nọ́mbà fún àwọn ẹgbẹ́ ìjọ: QR ti ara ẹni fún ọmọ ẹgbẹ́ kọ̀ọ̀kan, ìṣàyẹ̀wò láti ọ̀dọ̀ olùdarí, àti ìtọ́jú tó ń ṣe ara rẹ̀.",,resources/views/welcome.blade.php:9
"Un nouveau lien de vérification a été envoyé à l'adresse email fournie lors de l'inscription.","A ti fi ọ̀nà ìjẹ́rìísí tuntun ránṣẹ́ sí àdírẹ́sì ímeèlì tí o fi sílẹ̀ nígbà ìforúkọsílẹ̀.",,resources/views/auth/verify-email.blade.php:8
"Un nouveau lien de vérification a été envoyé à votre adresse email.","A ti fi ọ̀nà ìjẹ́rìísí tuntun ránṣẹ́ sí àdírẹ́sì ímeèlì rẹ.",,resources/views/profile/partials/update-profile-information-form.blade.php:43
"Un responsable ne voit que les membres des groupes qu’il encadre.","Olùdarí kan a máa rí àwọn ọmọ ẹgbẹ́ tí ó ń darí nìkan.",,resources/views/legal/security.blade.php:19
"Une carte QR par membre, à scanner pour pointer sa présence","Káàdì QR kan fún ọmọ ẹgbẹ́ kọ̀ọ̀kan, tí a ń ṣàyẹ̀wò láti kọ wíwàníbẹ̀ sílẹ̀",,resources/views/features.blade.php:20
"Une carte par membre, à imprimer","Káàdì kan fún ọmọ ẹgbẹ́ kọ̀ọ̀kan, láti tẹ̀",,resources/views/demo.blade.php:44
"Une carte personnelle et imprimable qui identifie le membre, sans qu'il ait besoin d'un téléphone.","Káàdì ti ara ẹni tí a lè tẹ̀, tí ó ń dá ọmọ ẹgbẹ́ mọ̀ láìnílò fóònù.",,resources/views/welcome.blade.php:37
"Une erreur est survenue lors de la connexion. Veuillez réessayer.","Àṣìṣe kan ṣẹlẹ̀ nígbà ìwọlé. Jọ̀wọ́ gbìyànjú lẹ́ẹ̀kan sí i.",,app/Http/Controllers/Auth/AuthenticatedSessionController.php:43
"Une erreur technique est survenue. Veuillez réessayer plus tard.","Àṣìṣe ìmọ̀-ẹ̀rọ kan ṣẹlẹ̀. Jọ̀wọ́ gbìyànjú lẹ́ẹ̀kan sí i nígbà mìíràn.",,app/Http/Requests/Auth/LoginRequest.php:60
"Une fois votre compte supprimé, toutes ses données seront définitivement effacées. Avant de continuer, téléchargez les informations que vous souhaitez conserver.","Lẹ́yìn tí a bá pa àkàǹtì rẹ rẹ́, gbogbo data rẹ̀ ni a ó paarẹ́ pátápátá. Ṣáájú kí o tó tẹ̀síwájú, gba ìsọfúnni tí o fẹ́ pamọ́ sílẹ̀.",,resources/views/profile/partials/delete-user-form.blade.php:8
"Une fois votre compte supprimé, toutes ses données seront définitivement effacées. Saisissez votre mot de passe pour confirmer la suppression définitive.","Lẹ́yìn tí a bá pa àkàǹtì rẹ rẹ́, gbogbo data rẹ̀ ni a ó paarẹ́ pátápátá. Kọ ọ̀rọ̀ ìgbaniwọlé rẹ láti fọwọ́sí ìpaarẹ́ pátápátá.",,resources/views/profile/partials/delete-user-form.blade.php:27
"Une session est déjà active pour ce groupe. Fermez-la avant d'en ouvrir une nouvelle.","Ìpàdé kan ti ń lọ lọ́wọ́ fún ẹgbẹ́ yìí. Ti í ṣáájú kí o tó ṣí òmíràn.",,app/Http/Controllers/AttendanceSessionController.php:63
"Une session est ouverte pour la réunion ; le responsable scanne chaque QR au fur et à mesure.","A ṣí ìpàdé kan fún àpéjọ náà; olùdarí ń ṣàyẹ̀wò QR kọ̀ọ̀kan bí wọ́n ṣe ń dé.",,resources/views/welcome.blade.php:44
"Utilisation autorisée","Lílo tí a gbà láàyè",,resources/views/legal/terms.blade.php:18
"Utilisation des données","Lílo data",,resources/views/legal/privacy.blade.php:21
"Utilisez un mot de passe long et aléatoire pour protéger votre compte.","Lo ọ̀rọ̀ ìgbaniwọlé gígùn tí kò rọrùn láti mọ̀ láti dáàbò bo àkàǹtì rẹ.",,resources/views/profile/partials/update-password-form.blade.php:8
"Vos données sont utilisées exclusivement pour :","A ń lo data rẹ fún àwọn nǹkan wọ̀nyí nìkan:",,resources/views/legal/privacy.blade.php:22
"Vos droits","Ẹ̀tọ́ rẹ",,resources/views/legal/privacy.blade.php:40
"Votre adresse email n'est pas vérifiée.","A kò tíì jẹ́rìí àdírẹ́sì ímeèlì rẹ.",,resources/views/profile/partials/update-profile-information-form.blade.php:34
"Votre nom complet","Orúkọ kíkún rẹ",,resources/views/auth/register.blade.php:17
"Voulez-vous vraiment supprimer votre compte ?","Ṣé o dájú pé o fẹ́ pa àkàǹtì rẹ rẹ́?",,resources/views/profile/partials/delete-user-form.blade.php:23
"Vous encadrez :count groupe.|Vous encadrez :count groupes.","O ń darí ẹgbẹ́ :count.|O ń darí ẹgbẹ́ :count.",oui,resources/views/dashboard.blade.php:6
"Vous ne dirigez aucun groupe pour le moment.","O kò darí ẹgbẹ́ kankan fún ìsinsìnyí.",,resources/views/dashboardV.blade.php:64
"Vous ne dirigez aucun groupe.","O kò darí ẹgbẹ́ kankan.",,resources/views/membres/index.blade.php:63
"Vous êtes hors ligne","O kò sí lórí ìkànnì",,resources/views/offline.blade.php:17
"Vue d'ensemble des présences","Àkópọ̀ wíwàníbẹ̀",,resources/views/demo.blade.php:23
"Vérification de présence rapide","Ìṣàyẹ̀wò wíwàníbẹ̀ kíákíá",,resources/views/about.blade.php:16
"Vérification rapide","Ìṣàyẹ̀wò kíákíá",,resources/views/features.blade.php:14
Vérification…,"Ń ṣàyẹ̀wò…",,resources/views/alerts/index.blade.php:36
"Vérifier la présence","Ṣàyẹ̀wò wíwàníbẹ̀",,resources/views/layouts/navigation.blade.php:43
"Vérifier maintenant","Ṣàyẹ̀wò nísinsìnyí",,resources/views/alerts/index.blade.php:36
le,ní,,resources/views/alerts/index.blade.php:42
vous@exemple.com,iwo@apeere.com,,resources/views/auth/register.blade.php:44
"À améliorer","Ó nílò ìlọsíwájú",,resources/views/analyses.blade.php:209
"À propos","Nípa wa",,resources/views/components/footer.blade.php:7
Évolution,Ìyípadà,,resources/views/analyses.blade.php:88
"Évolution des présences","Ìyípadà wíwàníbẹ̀",,resources/views/analyses.blade.php:103
"Événements (30 j)","Àwọn ìṣẹ̀lẹ̀ (ọjọ́ 30)",,resources/views/alerts/index.blade.php:20
"Êtes-vous sûr de vouloir supprimer ce membre ?","Ṣé o dájú pé o fẹ́ pa ọmọ ẹgbẹ́ yìí rẹ́?",,resources/views/membres/index.blade.php:211
